"file","title"
"5-hvac-cleaning-tips-to-remember-if-you-live-with-pets-in-ny_da39a3ee5e6b4b0d3255bfef95601890afd80709.html","5 HVAC cleaning tips to remember if you live with pets in NY - HVAC Company | Heat Wiser"
"5-signs-you-need-air-conditioning-maintenance-in-liverpool_da39a3ee5e6b4b0d3255bfef95601890afd80709.html","5 Signs You Need Air Conditioning Maintenance In Liverpool - HVAC Company | Heat Wiser"
"5-signs-you-need-air-conditioning-maintenance-in-liverpool_feed_da39a3ee5e6b4b0d3255bfef95601890afd80709.html","Comments on: 5 Signs You Need Air Conditioning Maintenance In Liverpool"
"about_da39a3ee5e6b4b0d3255bfef95601890afd80709.html","The Area's Most Trusted HVAC Contractors"
"about_faq_da39a3ee5e6b4b0d3255bfef95601890afd80709.html","FAQ - HVAC Company | Heat Wiser"
"about_testimonials_da39a3ee5e6b4b0d3255bfef95601890afd80709.html","Check Out Our HVAC Company Reviews to See What Happy Clients Have to Say"
"about_tips_da39a3ee5e6b4b0d3255bfef95601890afd80709.html","Tips - HVAC Company | Heat Wiser"
"ac-not-working-first-hot-day-central-ny_da39a3ee5e6b4b0d3255bfef95601890afd80709.html","Why Your AC Struggles on the First Hot Day in Central New York"
"author_astafford_da39a3ee5e6b4b0d3255bfef95601890afd80709.html","astafford, Author at HVAC Company | Heat Wiser"
"author_exploremedia_da39a3ee5e6b4b0d3255bfef95601890afd80709.html","exploremedia, Author at HVAC Company | Heat Wiser"
"author_savannapruitt56_da39a3ee5e6b4b0d3255bfef95601890afd80709.html","savannapruitt56, Author at HVAC Company | Heat Wiser"
"basic-liverpool-hvac-repairs-to-do-yourself_da39a3ee5e6b4b0d3255bfef95601890afd80709.html","Basic Liverpool HVAC repairs to do yourself - HVAC Company | Heat Wiser"
"basic-liverpool-hvac-repairs-to-do-yourself_feed_da39a3ee5e6b4b0d3255bfef95601890afd80709.html","Comments on: Basic Liverpool HVAC repairs to do yourself"
"category_air-conditioning_da39a3ee5e6b4b0d3255bfef95601890afd80709.html","Air Conditioning Archives - HVAC Company | Heat Wiser"
"category_air-quality_da39a3ee5e6b4b0d3255bfef95601890afd80709.html","Air Quality Archives - HVAC Company | Heat Wiser"
"category_blog_da39a3ee5e6b4b0d3255bfef95601890afd80709.html","Blog Archives - HVAC Company | Heat Wiser"
"category_heating-services_da39a3ee5e6b4b0d3255bfef95601890afd80709.html","Heating services Archives - HVAC Company | Heat Wiser"
"category_hvac-maintenance_da39a3ee5e6b4b0d3255bfef95601890afd80709.html","HVAC-Maintenance Archives - HVAC Company | Heat Wiser"
"category_residential-hvac_da39a3ee5e6b4b0d3255bfef95601890afd80709.html","Residential-HVAC Archives - HVAC Company | Heat Wiser"
"category_uncategorized_da39a3ee5e6b4b0d3255bfef95601890afd80709.html","Uncategorized Archives - HVAC Company | Heat Wiser"
"category_ventilation_da39a3ee5e6b4b0d3255bfef95601890afd80709.html","Ventilation Archives - HVAC Company | Heat Wiser"
"choose-the-right-hvac-company-for-your-liverpool-ny-home-with-these-easy-steps_da39a3ee5e6b4b0d3255bfef95601890afd80709.html","Choose the Right HVAC Company for your Liverpool NY Home with these Easy Steps! - HVAC Company | Heat Wiser"
"choose-the-right-hvac-company-for-your-liverpool-ny-home-with-these-easy-steps_feed_da39a3ee5e6b4b0d3255bfef95601890afd80709.html","Comments on: Choose the Right HVAC Company for your Liverpool NY Home with these Easy Steps!"
"cicero-ny-cooling-services_a-c-installation_da39a3ee5e6b4b0d3255bfef95601890afd80709.html","Need Air Conditioning Repair in Cicero, NY? - Heat Wise Has You Covered"
"cicero-ny-cooling-services_a-c-repair_da39a3ee5e6b4b0d3255bfef95601890afd80709.html","Why Is My AC Not Cooling? Heat Wiser Can Help You"
"cicero-ny-cooling-services_da39a3ee5e6b4b0d3255bfef95601890afd80709.html","Stay Cool - Get the Best Cooling and A/C Services in Cicero, NY"
"cicero-ny-heating-services_da39a3ee5e6b4b0d3255bfef95601890afd80709.html","Ensuring Comfort & Energy Efficiency with Heating Services in Cicero, NY"
"cicero-ny-heating-services_furnace-installation_da39a3ee5e6b4b0d3255bfef95601890afd80709.html","HVAC Emergency? Get Professional Furnace Installation in Cicero, NY"
"cicero-ny-heating-services_furnace-repair_da39a3ee5e6b4b0d3255bfef95601890afd80709.html","Keep Your Family Warm in Cicero, NY with Our Furnace Repair Services"
"comments_feed_da39a3ee5e6b4b0d3255bfef95601890afd80709.html","Comments for HVAC Company | Heat Wiser"
"common-hvac-filter-mistakes_da39a3ee5e6b4b0d3255bfef95601890afd80709.html","5 Common HVAC Filter Mistakes (And How to Avoid Them)"
"contact_da39a3ee5e6b4b0d3255bfef95601890afd80709.html","Contact Heat Wiser at (315) 457-4100 for All Your HVAC Heating & Cooling Needs"
"control-indoor-allergens-to-improve-indoor-air-quality_da39a3ee5e6b4b0d3255bfef95601890afd80709.html","Control Indoor Allergens to Improve Indoor Air Quality - HVAC Company | Heat Wiser"
"control-indoor-allergens-to-improve-indoor-air-quality_feed_da39a3ee5e6b4b0d3255bfef95601890afd80709.html","Comments on: Control Indoor Allergens to Improve Indoor Air Quality"
"cost-of-delaying-ac-repair_da39a3ee5e6b4b0d3255bfef95601890afd80709.html","The Real Cost of Delaying AC Repairs"
"coupons_da39a3ee5e6b4b0d3255bfef95601890afd80709.html","Coupons - HVAC Company | Heat Wiser"
"do-i-really-need-to-get-my-ny-homes-hvac-system-yearly-maintenance_da39a3ee5e6b4b0d3255bfef95601890afd80709.html","Do I Really Need to Get my NY Home's HVAC System Yearly Maintenance? - HVAC Company | Heat Wiser"
"do-i-really-need-to-get-my-ny-homes-hvac-system-yearly-maintenance_feed_da39a3ee5e6b4b0d3255bfef95601890afd80709.html","Comments on: Do I Really Need to Get my NY Home’s HVAC System Yearly Maintenance?"
"does-upgrading-my-hvac-system-in-ny-really-save-me-money_da39a3ee5e6b4b0d3255bfef95601890afd80709.html","Does Upgrading my HVAC System in NY really Save Me Money? - HVAC Company | Heat Wiser"
"does-upgrading-my-hvac-system-in-ny-really-save-me-money_feed_da39a3ee5e6b4b0d3255bfef95601890afd80709.html","Comments on: Does Upgrading my HVAC System in NY really Save Me Money?"
"element_category_columns_da39a3ee5e6b4b0d3255bfef95601890afd80709.html","Get Professional HVAC Services from the Leader Among Syracuse, NY HVAC Companies"
"element_category_elements_da39a3ee5e6b4b0d3255bfef95601890afd80709.html","Get Professional HVAC Services from the Leader Among Syracuse, NY HVAC Companies"
"element_category_sections_da39a3ee5e6b4b0d3255bfef95601890afd80709.html","Get Professional HVAC Services from the Leader Among Syracuse, NY HVAC Companies"
"emergency-heat-solutions-heater-failure-freezing-weather_da39a3ee5e6b4b0d3255bfef95601890afd80709.html","What to Do If Your Heater Fails in Freezing Weather | Heat Wiser- Liverpool, NY"
"emergency-hvac-prep-subzero-temperatures_da39a3ee5e6b4b0d3255bfef95601890afd80709.html","Emergency HVAC Prep for Central NY’s Subzero Temperatures"
"faq_category_air-conditioning_da39a3ee5e6b4b0d3255bfef95601890afd80709.html","Air conditioning Archives - HVAC Company | Heat Wiser"
"faq_category_air-quality_da39a3ee5e6b4b0d3255bfef95601890afd80709.html","Air quality Archives - HVAC Company | Heat Wiser"
"faq_category_hvac_da39a3ee5e6b4b0d3255bfef95601890afd80709.html","HVAC Archives - HVAC Company | Heat Wiser"
"faq_category_maintenance_da39a3ee5e6b4b0d3255bfef95601890afd80709.html","Maintenance Archives - HVAC Company | Heat Wiser"
"faq_category_misc_da39a3ee5e6b4b0d3255bfef95601890afd80709.html","Misc Archives - HVAC Company | Heat Wiser"
"faq-items_da39a3ee5e6b4b0d3255bfef95601890afd80709.html","FAQs Archive - HVAC Company | Heat Wiser"
"faq-items_does-programming-your-thermostat-really-save-money-on-energy-bills_da39a3ee5e6b4b0d3255bfef95601890afd80709.html","Does programming your thermostat really save money on energy bills? - HVAC Company | Heat Wiser"
"faq-items_how-can-i-eliminate-indoor-odors_da39a3ee5e6b4b0d3255bfef95601890afd80709.html","How can I eliminate indoor odors? - HVAC Company | Heat Wiser"
"faq-items_how-can-i-increase-the-efficiency-and-life-of-homes-heating-and-cooling-systems_da39a3ee5e6b4b0d3255bfef95601890afd80709.html","How can I increase the efficiency and life of home's heating and cooling systems? - HVAC Company | Heat Wiser"
"faq-items_how-do-i-know-if-i-need-a-new-air-conditioner_da39a3ee5e6b4b0d3255bfef95601890afd80709.html","How do I know if I need a new air conditioner? - HVAC Company | Heat Wiser"
"faq-items_how-do-i-know-if-i-need-the-services-of-an-hvac-contractor-in-liverpool-ny_da39a3ee5e6b4b0d3255bfef95601890afd80709.html","How do I know if I need the services of an HVAC contractor in Liverpool, NY? - HVAC Company | Heat Wiser"
"faq-items_how-do-i-know-if-i-should-replace-my-air-conditioner_da39a3ee5e6b4b0d3255bfef95601890afd80709.html","How do I know if I should replace my air conditioner? - HVAC Company | Heat Wiser"
"faq-items_how-do-i-know-if-my-a-c-unit-is-big-enough_da39a3ee5e6b4b0d3255bfef95601890afd80709.html","How do I know if my A/C unit is big enough? - HVAC Company | Heat Wiser"
"faq-items_how-do-i-know-something-is-about-to-break-before-it-does_da39a3ee5e6b4b0d3255bfef95601890afd80709.html","How do I know something is about to break, before it does? - HVAC Company | Heat Wiser"
"faq-items_how-healthy-is-my-indoor-air_da39a3ee5e6b4b0d3255bfef95601890afd80709.html","How healthy is my indoor air? - HVAC Company | Heat Wiser"
"faq-items_how-important-is-my-indoor-air-quality_da39a3ee5e6b4b0d3255bfef95601890afd80709.html","How important is my indoor air quality? - HVAC Company | Heat Wiser"
"faq-items_how-much-does-a-c-installation-cost_da39a3ee5e6b4b0d3255bfef95601890afd80709.html","How much does A/C installation cost? - HVAC Company | Heat Wiser"
"faq-items_how-often-should-i-replace-my-hvac-air-filters_da39a3ee5e6b4b0d3255bfef95601890afd80709.html","How often should I replace my HVAC air filters? - HVAC Company | Heat Wiser"
"faq-items_how-often-should-i-service-my-hvac-system_da39a3ee5e6b4b0d3255bfef95601890afd80709.html","How often should I service my HVAC system? - HVAC Company | Heat Wiser"
"faq-items_is-sound-an-issue-for-heating-air-conditioning_da39a3ee5e6b4b0d3255bfef95601890afd80709.html","Is sound an issue for heating & air conditioning? - HVAC Company | Heat Wiser"
"faq-items_what-are-some-signs-that-my-air-conditioner-needs-repair-services_da39a3ee5e6b4b0d3255bfef95601890afd80709.html","What are some signs that my air conditioner needs repair services? - HVAC Company | Heat Wiser"
"faq-items_what-are-the-benefits-of-a-programmable-thermostat_da39a3ee5e6b4b0d3255bfef95601890afd80709.html","What are the benefits of a programmable thermostat? - HVAC Company | Heat Wiser"
"faq-items_what-are-the-benefits-of-having-an-hvac-for-homes-in-liverpool-ny_da39a3ee5e6b4b0d3255bfef95601890afd80709.html","What are the benefits of having an HVAC for homes in Liverpool, NY? - HVAC Company | Heat Wiser"
"faq-items_what-are-the-benefits-of-hvac-zoning_da39a3ee5e6b4b0d3255bfef95601890afd80709.html","What are the benefits of HVAC zoning? - HVAC Company | Heat Wiser"
"faq-items_what-causes-ac-units-to-freeze-up_da39a3ee5e6b4b0d3255bfef95601890afd80709.html","What causes AC units to freeze up? - HVAC Company | Heat Wiser"
"faq-items_what-is-a-ductless-mini-split-system_da39a3ee5e6b4b0d3255bfef95601890afd80709.html","What is a ductless mini-split system? - HVAC Company | Heat Wiser"
"faq-items_what-is-a-zoning-system_da39a3ee5e6b4b0d3255bfef95601890afd80709.html","What is a zoning system? - HVAC Company | Heat Wiser"
"faq-items_what-is-the-best-air-conditioner_da39a3ee5e6b4b0d3255bfef95601890afd80709.html","What is the best Air Conditioner? - HVAC Company | Heat Wiser"
"faq-items_what-is-the-proper-indoor-humidity-level_da39a3ee5e6b4b0d3255bfef95601890afd80709.html","What is the proper indoor humidity level? - HVAC Company | Heat Wiser"
"faq-items_what-is-the-proper-indoor-humidity-level-2_da39a3ee5e6b4b0d3255bfef95601890afd80709.html","What is the proper indoor humidity level? - HVAC Company | Heat Wiser"
"faq-items_what-regular-maintenance-do-heating-and-air-conditioning-systems-need_da39a3ee5e6b4b0d3255bfef95601890afd80709.html","What regular maintenance do heating and air conditioning systems need? - HVAC Company | Heat Wiser"
"faq-items_what-should-i-do-if-my-hvac-system-breaks-down_da39a3ee5e6b4b0d3255bfef95601890afd80709.html","What should I do if my HVAC system breaks down? - HVAC Company | Heat Wiser"
"faq-items_whats-the-best-way-to-extend-the-life-of-my-unit_da39a3ee5e6b4b0d3255bfef95601890afd80709.html","What’s the best way to extend the life of my unit? - HVAC Company | Heat Wiser"
"faq-items_when-is-the-best-time-to-install-an-air-conditioner-in-your-home_da39a3ee5e6b4b0d3255bfef95601890afd80709.html","When is the best time to install an air conditioner in your home? - HVAC Company | Heat Wiser"
"faq-items_why-do-i-need-to-change-my-filter-regularly_da39a3ee5e6b4b0d3255bfef95601890afd80709.html","Why do I need to change my filter regularly? - HVAC Company | Heat Wiser"
"faq-items_why-does-my-system-seem-to-need-more-refrigerant-each-year_da39a3ee5e6b4b0d3255bfef95601890afd80709.html","Why does my system seem to need more refrigerant each year? - HVAC Company | Heat Wiser"
"faq-items_why-have-your-air-ducts-professionally-cleaned_da39a3ee5e6b4b0d3255bfef95601890afd80709.html","Why Have Your Air Ducts Professionally Cleaned? - HVAC Company | Heat Wiser"
"faq-items_why-is-fog-coming-out-of-my-air-conditioner-vents_da39a3ee5e6b4b0d3255bfef95601890afd80709.html","Why is fog coming out of my air conditioner vents? - HVAC Company | Heat Wiser"
"faq-items_why-is-my-air-conditioner-not-blowing-air_da39a3ee5e6b4b0d3255bfef95601890afd80709.html","Why is my Air Conditioner not blowing air? - HVAC Company | Heat Wiser"
"feed_da39a3ee5e6b4b0d3255bfef95601890afd80709.html","HVAC Company | Heat Wiser"
"financing_da39a3ee5e6b4b0d3255bfef95601890afd80709.html","Discover the Best HVAC Services in Syracuse, Cicero & Central New York"
"furnace-cleaning-checklist_da39a3ee5e6b4b0d3255bfef95601890afd80709.html","Furnace Cleaning Checklist - HVAC Company | Heat Wiser"
"furnace-cleaning-checklist_feed_da39a3ee5e6b4b0d3255bfef95601890afd80709.html","Comments on: Furnace Cleaning Checklist"
"furnace-maintenance-tips-winter-repairs_da39a3ee5e6b4b0d3255bfef95601890afd80709.html","7 Furnace Maintenance Tips to Avoid Winter Repairs"
"fusion_tb_category_content_da39a3ee5e6b4b0d3255bfef95601890afd80709.html","Get Professional HVAC Services from the Leader Among Syracuse, NY HVAC Companies"
"fusion_tb_category_footer_da39a3ee5e6b4b0d3255bfef95601890afd80709.html","Get Professional HVAC Services from the Leader Among Syracuse, NY HVAC Companies"
"fusion_tb_category_header_da39a3ee5e6b4b0d3255bfef95601890afd80709.html","Get Professional HVAC Services from the Leader Among Syracuse, NY HVAC Companies"
"fusion_tb_category_page_title_bar_da39a3ee5e6b4b0d3255bfef95601890afd80709.html","Get Professional HVAC Services from the Leader Among Syracuse, NY HVAC Companies"
"heating-services_furnace-installation_da39a3ee5e6b4b0d3255bfef95601890afd80709.html","Upgrade Your Heating System with a Heat Wiser Furnace Installation in Syracuse, NY"
"heating-services_furnace-repair_da39a3ee5e6b4b0d3255bfef95601890afd80709.html","Furnace Repair Services to Keep Your Syracuse, NY Home Warm this Winter"
"home_da39a3ee5e6b4b0d3255bfef95601890afd80709.html","Should you get an air purifier for your Liverpool HVAC system? Here's why! - HVAC Company | Heat Wiser"
"home-hero-test_da39a3ee5e6b4b0d3255bfef95601890afd80709.html","Get Professional HVAC Services from the Leader Among Syracuse, NY HVAC Companies"
"how-does-a-heating-system-work-for-my-liverpool-ny-home_da39a3ee5e6b4b0d3255bfef95601890afd80709.html","How Does A Heating System Work For My Liverpool NY Home? - HVAC Company | Heat Wiser"
"how-does-a-heating-system-work-for-my-liverpool-ny-home_feed_da39a3ee5e6b4b0d3255bfef95601890afd80709.html","Comments on: How Does A Heating System Work For My Liverpool NY Home?"
"how-does-the-spring-season-in-ny-affect-my-hvac-system_da39a3ee5e6b4b0d3255bfef95601890afd80709.html","How Does The Spring Season In NY Affect My HVAC System? - HVAC Company | Heat Wiser"
"how-does-the-spring-season-in-ny-affect-my-hvac-system_feed_da39a3ee5e6b4b0d3255bfef95601890afd80709.html","Comments on: How Does The Spring Season In NY Affect My HVAC System?"
"how-often-should-i-be-cleaning-my-ac-system-in-new-york_da39a3ee5e6b4b0d3255bfef95601890afd80709.html","How Often Should I Be Cleaning My AC System In New York? - HVAC Company | Heat Wiser"
"how-often-should-i-be-cleaning-my-ac-system-in-new-york_feed_da39a3ee5e6b4b0d3255bfef95601890afd80709.html","Comments on: How Often Should I Be Cleaning My AC System In New York?"
"how-to-save-money-on-commercial-heating-and-cooling-systems-in-ny_da39a3ee5e6b4b0d3255bfef95601890afd80709.html","How To Save Money on Commercial Heating And Cooling Systems In NY! - HVAC Company | Heat Wiser"
"how-to-save-money-on-commercial-heating-and-cooling-systems-in-ny_feed_da39a3ee5e6b4b0d3255bfef95601890afd80709.html","Comments on: How To Save Money on Commercial Heating And Cooling Systems In NY!"
"hvac-inspection-central-new-york-safety-guide_da39a3ee5e6b4b0d3255bfef95601890afd80709.html","Is Your HVAC System Safe? Inspection Tips for Central New York Homes"
"hvac-savings-liverpool-ny-tax-credits-rebates_da39a3ee5e6b4b0d3255bfef95601890afd80709.html","HVAC Savings in Liverpool, NY with Tax Credits & Rebates"
"is-a-more-expensive-hvac-filter-better_da39a3ee5e6b4b0d3255bfef95601890afd80709.html","Is a More Expensive HVAC Filter Better? - HVAC Company | Heat Wiser"
"is-a-more-expensive-hvac-filter-better_feed_da39a3ee5e6b4b0d3255bfef95601890afd80709.html","Comments on: Is a More Expensive HVAC Filter Better?"
"is-it-better-to-get-central-or-baseboard-heating_da39a3ee5e6b4b0d3255bfef95601890afd80709.html","Is It Better To Get Central Or Baseboard Heating? - HVAC Company | Heat Wiser"
"is-it-better-to-get-central-or-baseboard-heating_feed_da39a3ee5e6b4b0d3255bfef95601890afd80709.html","Comments on: Is It Better To Get Central Or Baseboard Heating?"
"is-your-liverpool-homes-heater-energy-efficient-heres-a-few-ways-to-find-out_da39a3ee5e6b4b0d3255bfef95601890afd80709.html","Is Your Liverpool Home's Heater Energy Efficient? Here's A Few Ways To Find Out! - HVAC Company | Heat Wiser"
"is-your-liverpool-homes-heater-energy-efficient-heres-a-few-ways-to-find-out_feed_da39a3ee5e6b4b0d3255bfef95601890afd80709.html","Comments on: Is Your Liverpool Home’s Heater Energy Efficient? Here’s A Few Ways To Find Out!"
"keep-your-hvac-running-well-with-these-easy-tips_da39a3ee5e6b4b0d3255bfef95601890afd80709.html","Keep Your HVAC Running Well With These Easy Tips! - HVAC Company | Heat Wiser"
"keep-your-hvac-running-well-with-these-easy-tips_feed_da39a3ee5e6b4b0d3255bfef95601890afd80709.html","Comments on: Keep Your HVAC Running Well With These Easy Tips!"
"maintain-your-hvac-system-in-your-new-york-home-with-these-easy-steps_da39a3ee5e6b4b0d3255bfef95601890afd80709.html","Maintain Your HVAC System In your New York Home With These Easy Steps! - HVAC Company | Heat Wiser"
"maintain-your-hvac-system-in-your-new-york-home-with-these-easy-steps_feed_da39a3ee5e6b4b0d3255bfef95601890afd80709.html","Comments on: Maintain Your HVAC System In your New York Home With These Easy Steps!"
"maintenance_da39a3ee5e6b4b0d3255bfef95601890afd80709.html","Maintenance tips for Liverpool HVAC owners with pets - HVAC Company | Heat Wiser"
"maintenance-tips-for-liverpool-hvac-owners-with-pets_da39a3ee5e6b4b0d3255bfef95601890afd80709.html","Maintenance tips for Liverpool HVAC owners with pets - HVAC Company | Heat Wiser"
"maintenance-tips-for-liverpool-hvac-owners-with-pets_feed_da39a3ee5e6b4b0d3255bfef95601890afd80709.html","Comments on: Maintenance tips for Liverpool HVAC owners with pets"
"membership-programs_da39a3ee5e6b4b0d3255bfef95601890afd80709.html","Heating & Cooling Membership Programs for Syracuse & CNY Homeowners"
"overlooked-hvac-problems-ny-winter_da39a3ee5e6b4b0d3255bfef95601890afd80709.html","The Most Overlooked HVAC Problems During NY’s Winter Months"
"preparing-your-home-before-vacation_da39a3ee5e6b4b0d3255bfef95601890afd80709.html","Preparing Your Home Before Vacation - HVAC Company | Heat Wiser"
"preparing-your-home-before-vacation_feed_da39a3ee5e6b4b0d3255bfef95601890afd80709.html","Comments on: Preparing Your Home Before Vacation"
"prevent-costly-hvac-repairs-routine-maintenance_da39a3ee5e6b4b0d3255bfef95601890afd80709.html","How Routine HVAC Maintenance Prevents Costly Repairs"
"promo-landing_da39a3ee5e6b4b0d3255bfef95601890afd80709.html","Promo Landing - HVAC Company | Heat Wiser"
"reliable-hvac-services-in-syracuse_da39a3ee5e6b4b0d3255bfef95601890afd80709.html","Reliable HVAC Services in Syracuse"
"replace-old-air-conditioner-liverpool_da39a3ee5e6b4b0d3255bfef95601890afd80709.html","5 Signs It’s Time to Replace Your Old Air Conditioner in Liverpool"
"service-areas_da39a3ee5e6b4b0d3255bfef95601890afd80709.html","Discover the Best HVAC Services in Syracuse, Cicero & Central New York"
"should-you-get-an-air-purifier-for-your-liverpool-hvac-system-heres-why_da39a3ee5e6b4b0d3255bfef95601890afd80709.html","Should you get an air purifier for your Liverpool HVAC system? Here's why! - HVAC Company | Heat Wiser"
"spring-hvac-maintenance-central-new-york_da39a3ee5e6b4b0d3255bfef95601890afd80709.html","Why Spring HVAC Maintenance Matters for Central New York Homeowners"
"spring-temperature-swings-affect-ac-central-ny_da39a3ee5e6b4b0d3255bfef95601890afd80709.html","How Spring Temp Swings Affect Your AC in Central New York"
"syracuse-home-hvac-back-to-school_da39a3ee5e6b4b0d3255bfef95601890afd80709.html","Is Your Syracuse Home HVAC-Ready for Back-to-School Season?"
"syracuse-ny-cooling-services_a-c-installation_da39a3ee5e6b4b0d3255bfef95601890afd80709.html","Affordable A/C Installation Services in Syracuse, NY"
"syracuse-ny-cooling-services_a-c-repair_da39a3ee5e6b4b0d3255bfef95601890afd80709.html","Fix Your AC Fast With the Right Air Conditioning Repair Service in Syracuse, NY"
"syracuse-ny-cooling-services_da39a3ee5e6b4b0d3255bfef95601890afd80709.html","Need Home Cooling Repair? Look No Further than Heat Wiser in Syracuse, NY"
"syracuse-ny-heating-services_da39a3ee5e6b4b0d3255bfef95601890afd80709.html","Ensure Comfort & Efficiency with Heat Wiser Heating Services in Syracuse, NY"
"syracuse-ny-heating-services_furnace-installation_da39a3ee5e6b4b0d3255bfef95601890afd80709.html","Upgrade Your Heating System with a Heat Wiser Furnace Installation in Syracuse, NY"
"syracuse-ny-heating-services_furnace-repair_da39a3ee5e6b4b0d3255bfef95601890afd80709.html","Furnace Repair Services to Keep Your Syracuse, NY Home Warm this Winter"
"syracuse-ny-maintenance_da39a3ee5e6b4b0d3255bfef95601890afd80709.html","Be Wiser With Heat Wiser: Inspections, Cleanings & Repairs For Your HVAC System"
"syracuse-warm-air-troubleshooting_da39a3ee5e6b4b0d3255bfef95601890afd80709.html","AC Blowing Warm Air? Common Causes and Easy Fixes"
"tag_home_da39a3ee5e6b4b0d3255bfef95601890afd80709.html","Home Archives - HVAC Company | Heat Wiser"
"tag_hvac_da39a3ee5e6b4b0d3255bfef95601890afd80709.html","HVAC Archives - HVAC Company | Heat Wiser"
"tag_residental_da39a3ee5e6b4b0d3255bfef95601890afd80709.html","residental Archives - HVAC Company | Heat Wiser"
"tag_residential_da39a3ee5e6b4b0d3255bfef95601890afd80709.html","Residential Archives - HVAC Company | Heat Wiser"
"tag_vacation_da39a3ee5e6b4b0d3255bfef95601890afd80709.html","Vacation Archives - HVAC Company | Heat Wiser"
"the-most-common-issues-hvac-systems-in-ny-have-and-what-to-do_da39a3ee5e6b4b0d3255bfef95601890afd80709.html","The Most Common Issues HVAC Systems In NY Have And What To Do! - HVAC Company | Heat Wiser"
"the-most-common-issues-hvac-systems-in-ny-have-and-what-to-do_feed_da39a3ee5e6b4b0d3255bfef95601890afd80709.html","Comments on: The Most Common Issues HVAC Systems In NY Have And What To Do!"
"tips_da39a3ee5e6b4b0d3255bfef95601890afd80709.html","Tips - HVAC Company | Heat Wiser"
"tips-on-how-to-lower-air-condition-costs_da39a3ee5e6b4b0d3255bfef95601890afd80709.html","Tips On How To Lower Air Condition Costs - HVAC Company | Heat Wiser"
"tips-on-how-to-lower-air-condition-costs_feed_da39a3ee5e6b4b0d3255bfef95601890afd80709.html","Comments on: Tips On How To Lower Air Condition Costs"
"top-ac-problems-central-ny_da39a3ee5e6b4b0d3255bfef95601890afd80709.html","Top 5 A/C Problems in Central NY (And How to Avoid Them)"
"what-should-be-in-my-liverpool-hvac-system-if-im-prone-to-allergies_da39a3ee5e6b4b0d3255bfef95601890afd80709.html","What should be in my Liverpool HVAC system if I'm prone to allergies? - HVAC Company | Heat Wiser"
"what-should-be-in-my-liverpool-hvac-system-if-im-prone-to-allergies_feed_da39a3ee5e6b4b0d3255bfef95601890afd80709.html","Comments on: What should be in my Liverpool HVAC system if I’m prone to allergies?"
"why-heating-bills-high-how-to-lower_da39a3ee5e6b4b0d3255bfef95601890afd80709.html","Why Heating Bills Are High + How to Lower Them | Heat Wiser- Liverpool, NY"
"why-is-my-air-conditioning-blowing-hot-air-in-liverpool-ny_da39a3ee5e6b4b0d3255bfef95601890afd80709.html","Why Is My Air Conditioning Blowing Hot Air In Liverpool, NY? - HVAC Company | Heat Wiser"
"why-is-my-air-conditioning-blowing-hot-air-in-liverpool-ny_feed_da39a3ee5e6b4b0d3255bfef95601890afd80709.html","Comments on: Why Is My Air Conditioning Blowing Hot Air In Liverpool, NY?"
"will-your-ac-make-it-through-summer_da39a3ee5e6b4b0d3255bfef95601890afd80709.html","Will your A/C make it through Summer? - HVAC Company | Heat Wiser"
"will-your-ac-make-it-through-summer_feed_da39a3ee5e6b4b0d3255bfef95601890afd80709.html","Comments on: Will your A/C make it through Summer?"
"wp-content_plugins_fusion-builder_assets_css_media_facebook-page-md.min.css_da39a3ee5e6b4b0d3255bfef95601890afd80709.html",""
"wp-content_plugins_fusion-builder_assets_css_media_facebook-page-sm.min.css_da39a3ee5e6b4b0d3255bfef95601890afd80709.html",""
"wp-content_plugins_fusion-builder_assets_css_media_flickr-md.min.css_da39a3ee5e6b4b0d3255bfef95601890afd80709.html",""
"wp-content_plugins_fusion-builder_assets_css_media_flickr-sm.min.css_da39a3ee5e6b4b0d3255bfef95601890afd80709.html",""
"wp-content_plugins_fusion-builder_assets_css_media_fullwidth-md.min.css_da39a3ee5e6b4b0d3255bfef95601890afd80709.html",""
"wp-content_plugins_fusion-builder_assets_css_media_fullwidth-sm.min.css_da39a3ee5e6b4b0d3255bfef95601890afd80709.html",""
"wp-content_plugins_fusion-builder_assets_css_media_grid-md.min.css_da39a3ee5e6b4b0d3255bfef95601890afd80709.html",""
"wp-content_plugins_fusion-builder_assets_css_media_grid-sm.min.css_da39a3ee5e6b4b0d3255bfef95601890afd80709.html",""
"wp-content_plugins_fusion-builder_assets_css_media_icon-md.min.css_da39a3ee5e6b4b0d3255bfef95601890afd80709.html",""
"wp-content_plugins_fusion-builder_assets_css_media_icon-sm.min.css_da39a3ee5e6b4b0d3255bfef95601890afd80709.html",""
"wp-content_plugins_fusion-builder_assets_css_media_image-md.min.css_da39a3ee5e6b4b0d3255bfef95601890afd80709.html",""
"wp-content_plugins_fusion-builder_assets_css_media_image-sm.min.css_da39a3ee5e6b4b0d3255bfef95601890afd80709.html",""
"wp-content_plugins_fusion-builder_assets_css_media_instagram-md.min.css_da39a3ee5e6b4b0d3255bfef95601890afd80709.html",""
"wp-content_plugins_fusion-builder_assets_css_media_instagram-sm.min.css_da39a3ee5e6b4b0d3255bfef95601890afd80709.html",""
"wp-content_plugins_fusion-builder_assets_css_media_layout-columns-md.min.css_da39a3ee5e6b4b0d3255bfef95601890afd80709.html",""
"wp-content_plugins_fusion-builder_assets_css_media_layout-columns-sm.min.css_da39a3ee5e6b4b0d3255bfef95601890afd80709.html",""
"wp-content_plugins_fusion-builder_assets_css_media_max-1c.css_da39a3ee5e6b4b0d3255bfef95601890afd80709.html",""
"wp-content_plugins_fusion-builder_assets_css_media_max-2c.css_da39a3ee5e6b4b0d3255bfef95601890afd80709.html",""
"wp-content_plugins_fusion-builder_assets_css_media_max-640.min.css_da39a3ee5e6b4b0d3255bfef95601890afd80709.html",""
"wp-content_plugins_fusion-builder_assets_css_media_max-sh-cbp.min.css_da39a3ee5e6b4b0d3255bfef95601890afd80709.html",""
"wp-content_plugins_fusion-builder_assets_css_media_meta-md.min.css_da39a3ee5e6b4b0d3255bfef95601890afd80709.html",""
"wp-content_plugins_fusion-builder_assets_css_media_meta-sm.min.css_da39a3ee5e6b4b0d3255bfef95601890afd80709.html",""
"wp-content_plugins_fusion-builder_assets_css_media_min-2c-max-3c.css_da39a3ee5e6b4b0d3255bfef95601890afd80709.html",""
"wp-content_plugins_fusion-builder_assets_css_media_min-3c-max-4c.css_da39a3ee5e6b4b0d3255bfef95601890afd80709.html",""
"wp-content_plugins_fusion-builder_assets_css_media_min-4c-max-5c.css_da39a3ee5e6b4b0d3255bfef95601890afd80709.html",""
"wp-content_plugins_fusion-builder_assets_css_media_min-5c-max-6c.css_da39a3ee5e6b4b0d3255bfef95601890afd80709.html",""
"wp-content_plugins_fusion-builder_assets_css_media_min-768-max-1024-p.min.css_da39a3ee5e6b4b0d3255bfef95601890afd80709.html",""
"wp-content_plugins_fusion-builder_assets_css_media_off-canvas-md.min.css_da39a3ee5e6b4b0d3255bfef95601890afd80709.html",""
"wp-content_plugins_fusion-builder_assets_css_media_off-canvas-sm.min.css_da39a3ee5e6b4b0d3255bfef95601890afd80709.html",""
"wp-content_plugins_fusion-builder_assets_css_media_person-md.min.css_da39a3ee5e6b4b0d3255bfef95601890afd80709.html",""
"wp-content_plugins_fusion-builder_assets_css_media_person-sm.min.css_da39a3ee5e6b4b0d3255bfef95601890afd80709.html",""
"wp-content_plugins_fusion-builder_assets_css_media_post-cards-md.min.css_da39a3ee5e6b4b0d3255bfef95601890afd80709.html",""
"wp-content_plugins_fusion-builder_assets_css_media_post-cards-sm.min.css_da39a3ee5e6b4b0d3255bfef95601890afd80709.html",""
"wp-content_plugins_fusion-builder_assets_css_media_section-separator-md.min.css_da39a3ee5e6b4b0d3255bfef95601890afd80709.html",""
"wp-content_plugins_fusion-builder_assets_css_media_section-separator-sm.min.css_da39a3ee5e6b4b0d3255bfef95601890afd80709.html",""
"wp-content_plugins_fusion-builder_assets_css_media_social-links-md.min.css_da39a3ee5e6b4b0d3255bfef95601890afd80709.html",""
"wp-content_plugins_fusion-builder_assets_css_media_social-links-sm.min.css_da39a3ee5e6b4b0d3255bfef95601890afd80709.html",""
"wp-content_plugins_fusion-builder_assets_css_media_social-sharing-md.min.css_da39a3ee5e6b4b0d3255bfef95601890afd80709.html",""
"wp-content_plugins_fusion-builder_assets_css_media_social-sharing-sm.min.css_da39a3ee5e6b4b0d3255bfef95601890afd80709.html",""
"wp-content_plugins_fusion-builder_assets_css_media_swiper-md.min.css_da39a3ee5e6b4b0d3255bfef95601890afd80709.html",""
"wp-content_plugins_fusion-builder_assets_css_media_swiper-sm.min.css_da39a3ee5e6b4b0d3255bfef95601890afd80709.html",""
"wp-content_plugins_fusion-builder_assets_css_media_tabs-lg-max.min.css_da39a3ee5e6b4b0d3255bfef95601890afd80709.html",""
"wp-content_plugins_fusion-builder_assets_css_media_tabs-lg-min.min.css_da39a3ee5e6b4b0d3255bfef95601890afd80709.html",""
"wp-content_plugins_fusion-builder_assets_css_media_tabs-md.min.css_da39a3ee5e6b4b0d3255bfef95601890afd80709.html",""
"wp-content_plugins_fusion-builder_assets_css_media_tabs-sm.min.css_da39a3ee5e6b4b0d3255bfef95601890afd80709.html",""
"wp-content_plugins_fusion-builder_assets_css_media_tagcloud-md.min.css_da39a3ee5e6b4b0d3255bfef95601890afd80709.html",""
"wp-content_plugins_fusion-builder_assets_css_media_tagcloud-sm.min.css_da39a3ee5e6b4b0d3255bfef95601890afd80709.html",""
"wp-content_plugins_fusion-builder_assets_css_media_title-md.min.css_da39a3ee5e6b4b0d3255bfef95601890afd80709.html",""
"wp-content_plugins_fusion-builder_assets_css_media_title-sm.min.css_da39a3ee5e6b4b0d3255bfef95601890afd80709.html",""
"wp-content_plugins_fusion-builder_assets_css_media_twitter-timeline-md.min.css_da39a3ee5e6b4b0d3255bfef95601890afd80709.html",""
"wp-content_plugins_fusion-builder_assets_css_media_twitter-timeline-sm.min.css_da39a3ee5e6b4b0d3255bfef95601890afd80709.html",""
"wp-content_themes_Avada_assets_css_media_max-1c.min.css_da39a3ee5e6b4b0d3255bfef95601890afd80709.html",""
"wp-content_themes_Avada_assets_css_media_max-2c.min.css_da39a3ee5e6b4b0d3255bfef95601890afd80709.html",""
"wp-content_themes_Avada_assets_css_media_max-640.min.css_da39a3ee5e6b4b0d3255bfef95601890afd80709.html",""
"wp-content_themes_Avada_assets_css_media_max-cbp.min.css_da39a3ee5e6b4b0d3255bfef95601890afd80709.html",""
"wp-content_themes_Avada_assets_css_media_max-main.min.css_da39a3ee5e6b4b0d3255bfef95601890afd80709.html",""
"wp-content_themes_Avada_assets_css_media_max-sh-640.min.css_da39a3ee5e6b4b0d3255bfef95601890afd80709.html",""
"wp-content_themes_Avada_assets_css_media_max-sh-cbp-social-sharing.min.css_da39a3ee5e6b4b0d3255bfef95601890afd80709.html",""
"wp-content_themes_Avada_assets_css_media_max-sh-cbp.min.css_da39a3ee5e6b4b0d3255bfef95601890afd80709.html",""
"wp-content_themes_Avada_assets_css_media_max-sh-sbp.min.css_da39a3ee5e6b4b0d3255bfef95601890afd80709.html",""
"wp-content_themes_Avada_assets_css_media_max-sh-shbp.min.css_da39a3ee5e6b4b0d3255bfef95601890afd80709.html",""
"wp-content_themes_Avada_assets_css_media_max-shbp-18.min.css_da39a3ee5e6b4b0d3255bfef95601890afd80709.html",""
"wp-content_themes_Avada_assets_css_media_max-shbp-32.min.css_da39a3ee5e6b4b0d3255bfef95601890afd80709.html",""
"wp-content_themes_Avada_assets_css_media_max-shbp.min.css_da39a3ee5e6b4b0d3255bfef95601890afd80709.html",""
"wp-content_themes_Avada_assets_css_media_min-2c-max-3c.min.css_da39a3ee5e6b4b0d3255bfef95601890afd80709.html",""
"wp-content_themes_Avada_assets_css_media_min-3c-max-4c.min.css_da39a3ee5e6b4b0d3255bfef95601890afd80709.html",""
"wp-content_themes_Avada_assets_css_media_min-4c-max-5c.min.css_da39a3ee5e6b4b0d3255bfef95601890afd80709.html",""
"wp-content_themes_Avada_assets_css_media_min-5c-max-6c.min.css_da39a3ee5e6b4b0d3255bfef95601890afd80709.html",""
"wp-content_themes_Avada_assets_css_media_min-768-max-1024-l.min.css_da39a3ee5e6b4b0d3255bfef95601890afd80709.html",""
"wp-content_themes_Avada_assets_css_media_min-768-max-1024-p.min.css_da39a3ee5e6b4b0d3255bfef95601890afd80709.html",""
"wp-content_themes_Avada_assets_css_media_min-sh-cbp.min.css_da39a3ee5e6b4b0d3255bfef95601890afd80709.html",""
"wp-content_themes_Avada_assets_css_media_min-shbp.min.css_da39a3ee5e6b4b0d3255bfef95601890afd80709.html",""
"wp-content_themes_Avada-Child-Theme_style.css_da39a3ee5e6b4b0d3255bfef95601890afd80709.html",""
"wp-content_uploads_2016_08_AC-Summer-maintenance-1-2.jpg_da39a3ee5e6b4b0d3255bfef95601890afd80709.html",""
"wp-content_uploads_2016_08_Preparing-Home-Vacation-1-2.jpg_da39a3ee5e6b4b0d3255bfef95601890afd80709.html",""
"wp-content_uploads_2016_08_Preparing-Home-Vacation-Expert-1-2.jpg_da39a3ee5e6b4b0d3255bfef95601890afd80709.html",""
"wp-content_uploads_2018_04_gallery-6.jpg_da39a3ee5e6b4b0d3255bfef95601890afd80709.html",""
"wp-content_uploads_2019_07_allergies-in-chinese.jpg_da39a3ee5e6b4b0d3255bfef95601890afd80709.html",""
"wp-content_uploads_2019_11_Blog-Header.jpg_da39a3ee5e6b4b0d3255bfef95601890afd80709.html",""
"wp-content_uploads_2022_05_5-Signs-You-Need-Air-Conditioning-Maintenance-In-Liverpool-OG.jpg_da39a3ee5e6b4b0d3255bfef95601890afd80709.html",""
"wp-content_uploads_2022_05_How-Does-A-Heating-System-Work-For-My-Liverpool-NY-Home_-OG.jpg_da39a3ee5e6b4b0d3255bfef95601890afd80709.html",""
"wp-content_uploads_2022_05_How-Does-The-Spring-Season-In-NY-Affect-My-HVAC-System_-OG.jpg_da39a3ee5e6b4b0d3255bfef95601890afd80709.html",""
"wp-content_uploads_2022_05_How-Often-Should-I-Be-Cleaning-My-AC-System-In-New-York_-OG.jpg_da39a3ee5e6b4b0d3255bfef95601890afd80709.html",""
"wp-content_uploads_2022_05_How-To-Save-Money-on-Commercial-Heating-And-Cooling-Systems-In-NY-OG.jpg_da39a3ee5e6b4b0d3255bfef95601890afd80709.html",""
"wp-content_uploads_2022_05_Is-It-Better-To-Get-Central-Or-Baseboard-Heating_-OG.jpg_da39a3ee5e6b4b0d3255bfef95601890afd80709.html",""
"wp-content_uploads_2022_05_Is-Your-Liverpool-Homes-Heater-Energy-Efficient_-Heres-A-Few-Ways-To-Find-Out-OG.jpg_da39a3ee5e6b4b0d3255bfef95601890afd80709.html",""
"wp-content_uploads_2022_05_Keep-Your-HVAC-Running-Well-With-These-Easy-Tips-OG.jpg_da39a3ee5e6b4b0d3255bfef95601890afd80709.html",""
"wp-content_uploads_2022_05_Maintain-Your-HVAC-System-In-your-New-York-Home-With-These-Easy-Steps-OG.jpg_da39a3ee5e6b4b0d3255bfef95601890afd80709.html",""
"wp-content_uploads_2022_05_The-Most-Common-Issues-HVAC-Systems-In-NY-Have-And-What-To-Do-OG.jpg_da39a3ee5e6b4b0d3255bfef95601890afd80709.html",""
"wp-content_uploads_2022_05_Tips-On-How-To-Lower-Air-Condition-Costs-OG.jpg_da39a3ee5e6b4b0d3255bfef95601890afd80709.html",""
"wp-content_uploads_2022_05_Why-Is-My-Air-Conditioning-Blowing-Hot-Air-In-Liverpool-NY_-OG.jpg_da39a3ee5e6b4b0d3255bfef95601890afd80709.html",""
"wp-content_uploads_2022_06_June-2022-1.jpg_da39a3ee5e6b4b0d3255bfef95601890afd80709.html",""
"wp-content_uploads_2022_06_June-2022-3.jpg_da39a3ee5e6b4b0d3255bfef95601890afd80709.html",""
"wp-content_uploads_2022_06_June-2022-5.jpg_da39a3ee5e6b4b0d3255bfef95601890afd80709.html",""
"wp-content_uploads_2022_07_Basic-Liverpool-HVAC-repairs-to-do-yourself-OG.jpg_da39a3ee5e6b4b0d3255bfef95601890afd80709.html",""
"wp-content_uploads_2022_07_Maintenance-tips-for-Liverpool-HVAC-owners-with-pets-OG.jpg_da39a3ee5e6b4b0d3255bfef95601890afd80709.html",""
"wp-content_uploads_2022_07_What-should-be-in-my-Liverpool-HVAC-system-if-Im-prone-to-allergies_-OG.jpg_da39a3ee5e6b4b0d3255bfef95601890afd80709.html",""
"wp-content_uploads_2022_11_5-HVAC-cleaning-tips-to-remember-if-you-live-with-pets-in-NY-OG.jpg_da39a3ee5e6b4b0d3255bfef95601890afd80709.html",""
"wp-content_uploads_2022_11_Should-you-get-an-air-purifier-for-your-Liverpool-HVAC-system_-Heres-why-OG.jpg_da39a3ee5e6b4b0d3255bfef95601890afd80709.html",""
"wp-content_uploads_2023_03_Heatwiser_owner-smiling.jpg_da39a3ee5e6b4b0d3255bfef95601890afd80709.html",""
"wp-content_uploads_2024_12_heat-wiser-bills.png_da39a3ee5e6b4b0d3255bfef95601890afd80709.html",""
"wp-content_uploads_2025_02_hw-air-filter.png_da39a3ee5e6b4b0d3255bfef95601890afd80709.html",""
"wp-content_uploads_2025_02_hw-freezing.png_da39a3ee5e6b4b0d3255bfef95601890afd80709.html",""
"wp-content_uploads_2025_03_hw-mar-25.png_da39a3ee5e6b4b0d3255bfef95601890afd80709.html",""
"wp-content_uploads_2025_04_hw-spring-maintenance-1.png_da39a3ee5e6b4b0d3255bfef95601890afd80709.html",""
"wp-content_uploads_2025_05_Untitled-design-11.png_da39a3ee5e6b4b0d3255bfef95601890afd80709.html",""
"wp-content_uploads_2025_06_untitled-3.png_da39a3ee5e6b4b0d3255bfef95601890afd80709.html",""
"wp-content_uploads_2025_07_Untitled-design-86.png_da39a3ee5e6b4b0d3255bfef95601890afd80709.html",""
"wp-content_uploads_2025_08_August-25-Thumbnail.png_da39a3ee5e6b4b0d3255bfef95601890afd80709.html",""
"wp-content_uploads_2025_09_Untitled-design-2025-09-29T090444.444.png_da39a3ee5e6b4b0d3255bfef95601890afd80709.html",""
"wp-content_uploads_2025_10_Untitled-design-2025-10-07T145723.217.png_da39a3ee5e6b4b0d3255bfef95601890afd80709.html",""
"wp-content_uploads_2025_10_Untitled-design-2025-10-20T123726.565.png_da39a3ee5e6b4b0d3255bfef95601890afd80709.html",""
"wp-content_uploads_2025_12_emergency-heating.png_da39a3ee5e6b4b0d3255bfef95601890afd80709.html",""
"wp-content_uploads_2025_12_Heatwiser_owner-smiling_e945a35926-1-300x300.webp_da39a3ee5e6b4b0d3255bfef95601890afd80709.html",""
"wp-content_uploads_2026_01_Dec-25-Blog-Graphics-9.png_da39a3ee5e6b4b0d3255bfef95601890afd80709.html",""
"wp-content_uploads_2026_02_Jan-26-Blog-Thumbnails-15.png_da39a3ee5e6b4b0d3255bfef95601890afd80709.html",""
"wp-content_uploads_2026_02_Spring-Temps-Thumbnail.png_da39a3ee5e6b4b0d3255bfef95601890afd80709.html",""
"wp-content_uploads_2026_04_AC-Red-Flags.png_da39a3ee5e6b4b0d3255bfef95601890afd80709.html",""
"wp-content_uploads_fusion-scripts_2c77890831e8774960674aed7396746e.min.js_da39a3ee5e6b4b0d3255bfef95601890afd80709.html",""
"wp-content_uploads_fusion-scripts_33c5db90b8350101003a4084e5d5fe54.min.js_da39a3ee5e6b4b0d3255bfef95601890afd80709.html",""
"wp-content_uploads_fusion-scripts_af6aedf6c57a420517baf103b3d3d7e9.min.js_da39a3ee5e6b4b0d3255bfef95601890afd80709.html",""
"wp-content_uploads_fusion-scripts_bb41321e6f54e459b3642d8719a9ec5e.min.js_da39a3ee5e6b4b0d3255bfef95601890afd80709.html",""
"wp-content_uploads_fusion-scripts_be1ab9d6b1ae807cade5ec919c60c556.min.js_da39a3ee5e6b4b0d3255bfef95601890afd80709.html",""
"wp-content_uploads_fusion-scripts_dc3fdc4cfb9d23b3a18de348c3427f75.min.js_da39a3ee5e6b4b0d3255bfef95601890afd80709.html",""
"wp-content_uploads_fusion-styles_3a06dd75998af5ed4ef9b18f7de8e53a.min.css_da39a3ee5e6b4b0d3255bfef95601890afd80709.html",""
"wp-content_uploads_fusion-styles_b7ec785db96d8e8ed3c9cd1c300bb823.min.css_da39a3ee5e6b4b0d3255bfef95601890afd80709.html",""
"wp-content_uploads_fusion-styles_b950faa3a84729827fa3b5448b2545b8.min.css_da39a3ee5e6b4b0d3255bfef95601890afd80709.html",""
"wp-content_uploads_fusion-styles_db9279db0b00c43d5a3025c74e2af9a7.min.css_da39a3ee5e6b4b0d3255bfef95601890afd80709.html",""
"wp-includes_js_comment-reply.min.js_da39a3ee5e6b4b0d3255bfef95601890afd80709.html",""
"wp-includes_js_jquery_jquery.min.js_da39a3ee5e6b4b0d3255bfef95601890afd80709.html",""
"wp-json_da39a3ee5e6b4b0d3255bfef95601890afd80709.html",""
"wp-json_oembed_1.0_embed_da39a3ee5e6b4b0d3255bfef95601890afd80709.html",""
"wp-json_wp_v2_pages_1277_da39a3ee5e6b4b0d3255bfef95601890afd80709.html",""
"wp-json_wp_v2_pages_224990_da39a3ee5e6b4b0d3255bfef95601890afd80709.html",""
"wp-json_wp_v2_pages_224994_da39a3ee5e6b4b0d3255bfef95601890afd80709.html",""
"wp-json_wp_v2_pages_224997_da39a3ee5e6b4b0d3255bfef95601890afd80709.html",""
"wp-json_wp_v2_pages_225027_da39a3ee5e6b4b0d3255bfef95601890afd80709.html",""
"wp-json_wp_v2_pages_37_da39a3ee5e6b4b0d3255bfef95601890afd80709.html",""
"wp-json_wp_v2_pages_41_da39a3ee5e6b4b0d3255bfef95601890afd80709.html",""
"wp-json_wp_v2_pages_951_da39a3ee5e6b4b0d3255bfef95601890afd80709.html",""
"wp-json_wp_v2_posts_224219_da39a3ee5e6b4b0d3255bfef95601890afd80709.html",""
"wp-json_wp_v2_posts_224417_da39a3ee5e6b4b0d3255bfef95601890afd80709.html",""
"wp-json_wp_v2_posts_224653_da39a3ee5e6b4b0d3255bfef95601890afd80709.html",""
"wp-json_wp_v2_posts_224657_da39a3ee5e6b4b0d3255bfef95601890afd80709.html",""
"wp-json_wp_v2_posts_224661_da39a3ee5e6b4b0d3255bfef95601890afd80709.html",""
"wp-json_wp_v2_posts_224665_da39a3ee5e6b4b0d3255bfef95601890afd80709.html",""
"wp-json_wp_v2_posts_224669_da39a3ee5e6b4b0d3255bfef95601890afd80709.html",""
"wp-json_wp_v2_posts_224673_da39a3ee5e6b4b0d3255bfef95601890afd80709.html",""
"wp-json_wp_v2_posts_224677_da39a3ee5e6b4b0d3255bfef95601890afd80709.html",""
"wp-json_wp_v2_posts_224681_da39a3ee5e6b4b0d3255bfef95601890afd80709.html",""
"wp-json_wp_v2_posts_224685_da39a3ee5e6b4b0d3255bfef95601890afd80709.html",""
"wp-json_wp_v2_posts_224689_da39a3ee5e6b4b0d3255bfef95601890afd80709.html",""
"wp-json_wp_v2_posts_224693_da39a3ee5e6b4b0d3255bfef95601890afd80709.html",""
"wp-json_wp_v2_posts_224697_da39a3ee5e6b4b0d3255bfef95601890afd80709.html",""
"wp-json_wp_v2_posts_224704_da39a3ee5e6b4b0d3255bfef95601890afd80709.html",""
"wp-json_wp_v2_posts_224712_da39a3ee5e6b4b0d3255bfef95601890afd80709.html",""
"wp-json_wp_v2_posts_224714_da39a3ee5e6b4b0d3255bfef95601890afd80709.html",""
"wp-json_wp_v2_posts_224851_da39a3ee5e6b4b0d3255bfef95601890afd80709.html",""
"wp-json_wp_v2_posts_224855_da39a3ee5e6b4b0d3255bfef95601890afd80709.html",""
"wp-json_wp_v2_posts_224859_da39a3ee5e6b4b0d3255bfef95601890afd80709.html",""
"wp-json_wp_v2_posts_224928_da39a3ee5e6b4b0d3255bfef95601890afd80709.html",""
"wp-json_wp_v2_posts_224933_da39a3ee5e6b4b0d3255bfef95601890afd80709.html",""
"wp-json_wp_v2_posts_225319_da39a3ee5e6b4b0d3255bfef95601890afd80709.html",""
"wp-json_wp_v2_posts_225340_da39a3ee5e6b4b0d3255bfef95601890afd80709.html",""
"wp-json_wp_v2_posts_225345_da39a3ee5e6b4b0d3255bfef95601890afd80709.html",""
"wp-json_wp_v2_posts_225350_da39a3ee5e6b4b0d3255bfef95601890afd80709.html",""
"wp-json_wp_v2_posts_225359_da39a3ee5e6b4b0d3255bfef95601890afd80709.html",""
"wp-json_wp_v2_posts_225386_da39a3ee5e6b4b0d3255bfef95601890afd80709.html",""
"wp-json_wp_v2_posts_225393_da39a3ee5e6b4b0d3255bfef95601890afd80709.html",""
"wp-json_wp_v2_posts_225399_da39a3ee5e6b4b0d3255bfef95601890afd80709.html",""
"wp-json_wp_v2_posts_225407_da39a3ee5e6b4b0d3255bfef95601890afd80709.html",""
"wp-json_wp_v2_posts_225491_da39a3ee5e6b4b0d3255bfef95601890afd80709.html",""
"wp-json_wp_v2_posts_225498_da39a3ee5e6b4b0d3255bfef95601890afd80709.html",""
"wp-json_wp_v2_posts_225505_da39a3ee5e6b4b0d3255bfef95601890afd80709.html",""
"wp-json_wp_v2_posts_225521_da39a3ee5e6b4b0d3255bfef95601890afd80709.html",""
"wp-json_wp_v2_posts_225548_da39a3ee5e6b4b0d3255bfef95601890afd80709.html",""
"wp-json_wp_v2_posts_225553_da39a3ee5e6b4b0d3255bfef95601890afd80709.html",""
"wp-json_wp_v2_posts_225556_da39a3ee5e6b4b0d3255bfef95601890afd80709.html",""
"wp-json_wp_v2_posts_225567_da39a3ee5e6b4b0d3255bfef95601890afd80709.html",""
"wp-json_wp_v2_posts_557_da39a3ee5e6b4b0d3255bfef95601890afd80709.html",""
"wp-json_wp_v2_posts_571_da39a3ee5e6b4b0d3255bfef95601890afd80709.html",""
"wp-json_wp_v2_posts_578_da39a3ee5e6b4b0d3255bfef95601890afd80709.html",""
